,id,page_type
0,0,0
1,1,1
2,2,1
3,3,2
4,4,2
5,5,1
6,6,2
7,7,1
8,8,0
9,9,1
10,10,0
11,11,0
12,12,3
13,13,3
14,14,3
15,15,3
16,16,3
17,17,0
18,18,3
19,19,3
20,20,4
21,21,4
22,22,5
23,23,0
24,24,0
25,25,6
26,26,6
27,27,6
28,28,6
29,29,6
30,30,1
31,31,6
32,32,6
33,33,6
34,34,6
35,35,6
36,36,6
37,37,6
38,38,6
39,39,6
40,40,6
41,41,6
42,42,6
43,43,6
44,44,6
45,45,6
46,46,6
47,47,6
48,48,6
49,49,6
50,50,6
51,51,6
52,52,6
53,53,6
54,54,6
55,55,6
56,56,6
57,57,6
58,58,6
59,59,6
60,60,6
61,61,6
62,62,6
63,63,6
64,64,6
65,65,6
66,66,6
67,67,6
68,68,6
69,69,6
70,70,6
71,71,6
72,72,6
73,73,6
74,74,6
75,75,6
76,76,6
77,77,6
78,78,6
79,79,6
80,80,6
81,81,6
82,82,6
83,83,0
84,84,6
85,85,6
86,86,6
87,87,6
88,88,6
89,89,6
90,90,6
91,91,6
92,92,6
93,93,6
94,94,6
95,95,6
96,96,6
97,97,6
98,98,6
99,99,6
100,100,6
101,101,6
102,102,6
103,103,6
104,104,6
105,105,6
106,106,6
107,107,6
108,108,6
109,109,6
110,110,6
111,111,6
112,112,6
113,113,6
114,114,6
115,115,6
116,116,6
117,117,6
118,118,6
119,119,6
120,120,6
121,121,6
122,122,6
123,123,6
124,124,6
125,125,6
126,126,6
127,127,6
128,128,6
129,129,6
130,130,6
131,131,6
132,132,6
133,133,6
134,134,6
135,135,6
136,136,6
137,137,6
138,138,6
139,139,6
140,140,6
141,141,6
142,142,6
143,143,6
144,144,6
145,145,6
146,146,6
147,147,6
148,148,6
149,149,6
150,150,6
151,151,6
152,152,0
153,153,6
154,154,6
155,155,6
156,156,6
157,157,6
158,158,6
159,159,6
160,160,6
161,161,6
162,162,6
163,163,6
164,164,4
165,165,6
166,166,6
167,167,6
168,168,6
169,169,6
170,170,6
171,171,6
172,172,6
173,173,6
174,174,6
175,175,6
176,176,6
177,177,6
178,178,6
179,179,6
180,180,6
181,181,6
182,182,6
183,183,6
184,184,6
185,185,6
186,186,2
187,187,6
188,188,6
189,189,6
190,190,6
191,191,6
192,192,6
193,193,0
194,194,6
195,195,6
196,196,6
197,197,6
198,198,6
199,199,6
200,200,6
201,201,6
202,202,6
203,203,2
204,204,2
205,205,2
206,206,2
207,207,2
208,208,2
209,209,2
210,210,2
211,211,2
212,212,2
213,213,2
214,214,2
215,215,6
216,216,2
217,217,2
218,218,2
219,219,2
220,220,2
221,221,2
222,222,2
223,223,2
224,224,2
225,225,2
226,226,2
227,227,2
228,228,2
229,229,2
230,230,2
231,231,2
232,232,2
233,233,2
234,234,2
235,235,2
236,236,2
237,237,2
238,238,2
239,239,6
240,240,2
241,241,2
242,242,2
243,243,2
244,244,2
245,245,4
246,246,2
247,247,2
248,248,2
249,249,2
250,250,2
251,251,2
252,252,2
253,253,2
254,254,2
255,255,2
256,256,2
257,257,2
258,258,2
259,259,2
260,260,2
261,261,2
262,262,2
263,263,2
264,264,2
265,265,2
266,266,2
267,267,2
268,268,2
269,269,2
270,270,2
271,271,2
272,272,2
273,273,2
274,274,2
275,275,2
276,276,2
277,277,2
278,278,2
279,279,2
280,280,2
281,281,2
282,282,1
283,283,0
284,284,2
285,285,2
286,286,2
287,287,2
288,288,2
289,289,2
290,290,6
291,291,2
292,292,2
293,293,2
294,294,2
295,295,2
296,296,2
297,297,2
298,298,2
299,299,2
300,300,2
301,301,2
302,302,2
303,303,2
304,304,2
305,305,2
306,306,2
307,307,2
308,308,2
309,309,2
310,310,2
311,311,2
312,312,2
313,313,2
314,314,2
315,315,2
316,316,2
317,317,2
318,318,2
319,319,2
320,320,2
321,321,2
322,322,2
323,323,2
324,324,2
325,325,2
326,326,2
327,327,2
328,328,2
329,329,2
330,330,2
331,331,2
332,332,2
333,333,2
334,334,2
335,335,2
336,336,2
337,337,2
338,338,2
339,339,4
340,340,2
341,341,2
342,342,2
343,343,2
344,344,2
345,345,4
346,346,2
347,347,2
348,348,2
349,349,2
350,350,2
351,351,2
352,352,2
353,353,2
354,354,2
355,355,2
356,356,2
357,357,2
358,358,2
359,359,2
360,360,2
361,361,2
362,362,2
363,363,2
364,364,2
365,365,0
366,366,2
367,367,2
368,368,2
369,369,2
370,370,2
371,371,2
372,372,2
373,373,2
374,374,2
375,375,2
376,376,2
377,377,2
378,378,2
379,379,2
380,380,2
381,381,2
382,382,2
383,383,5
384,384,2
385,385,2
386,386,2
387,387,2
388,388,2
389,389,2
390,390,2
391,391,2
392,392,2
393,393,2
394,394,2
395,395,2
396,396,2
397,397,2
398,398,2
399,399,2
400,400,2
401,401,2
402,402,2
403,403,2
404,404,2
405,405,2
406,406,6
407,407,2
408,408,2
409,409,2
410,410,2
411,411,2
412,412,2
413,413,2
414,414,2
415,415,2
416,416,2
417,417,2
418,418,2
419,419,2
420,420,2
421,421,2
422,422,2
423,423,2
424,424,2
425,425,2
426,426,2
427,427,2
428,428,2
429,429,2
430,430,2
431,431,2
432,432,2
433,433,2
434,434,2
435,435,2
436,436,2
437,437,2
438,438,2
439,439,2
440,440,2
441,441,2
442,442,2
443,443,2
444,444,2
445,445,2
446,446,2
447,447,2
448,448,2
449,449,2
450,450,2
451,451,2
452,452,2
453,453,2
454,454,2
455,455,2
456,456,2
457,457,2
458,458,2
459,459,6
460,460,2
461,461,2
462,462,2
463,463,2
464,464,2
465,465,2
466,466,2
467,467,2
468,468,2
469,469,2
470,470,2
471,471,2
472,472,2
473,473,2
474,474,2
475,475,2
476,476,5
477,477,2
478,478,2
479,479,2
480,480,2
481,481,2
482,482,2
483,483,2
484,484,2
485,485,2
486,486,2
487,487,2
488,488,2
489,489,2
490,490,2
491,491,2
492,492,2
493,493,2
494,494,2
495,495,2
496,496,2
497,497,2
498,498,2
499,499,2
500,500,0
501,501,2
502,502,2
503,503,2
504,504,2
505,505,4
506,506,4
507,507,3
508,508,3
509,509,3
510,510,3
511,511,3
512,512,4
513,513,3
514,514,1
515,515,3
516,516,1
517,517,3
518,518,3
519,519,3
520,520,3
521,521,3
522,522,3
523,523,3
524,524,3
525,525,3
526,526,3
527,527,3
528,528,3
529,529,3
530,530,3
531,531,3
532,532,3
533,533,3
534,534,3
535,535,3
536,536,3
537,537,3
538,538,3
539,539,6
540,540,3
541,541,3
542,542,3
543,543,3
544,544,3
545,545,3
546,546,3
547,547,3
548,548,3
549,549,3
550,550,3
551,551,3
552,552,3
553,553,3
554,554,3
555,555,3
556,556,3
557,557,3
558,558,3
559,559,3
560,560,0
561,561,3
562,562,3
563,563,3
564,564,3
565,565,3
566,566,3
567,567,3
568,568,3
569,569,3
570,570,3
571,571,3
572,572,3
573,573,3
574,574,3
575,575,3
576,576,3
577,577,3
578,578,3
579,579,3
580,580,3
581,581,3
582,582,3
583,583,3
584,584,3
585,585,3
586,586,3
587,587,3
588,588,3
589,589,3
590,590,3
591,591,3
592,592,3
593,593,3
594,594,3
595,595,3
596,596,3
597,597,3
598,598,3
599,599,3
600,600,3
601,601,3
602,602,3
603,603,3
604,604,3
605,605,3
606,606,3
607,607,3
608,608,3
609,609,3
610,610,6
611,611,3
612,612,6
613,613,3
614,614,3
615,615,3
616,616,3
617,617,3
618,618,3
619,619,3
620,620,3
621,621,3
622,622,3
623,623,3
624,624,3
625,625,3
626,626,3
627,627,3
628,628,4
629,629,3
630,630,3
631,631,4
632,632,4
633,633,4
634,634,4
635,635,4
636,636,4
637,637,2
638,638,4
639,639,4
640,640,4
641,641,4
642,642,4
643,643,4
644,644,4
645,645,4
646,646,4
647,647,4
648,648,4
649,649,4
650,650,4
651,651,4
652,652,4
653,653,4
654,654,4
655,655,4
656,656,6
657,657,2
658,658,4
659,659,4
660,660,3
661,661,6
662,662,4
663,663,4
664,664,4
665,665,4
666,666,4
667,667,4
668,668,4
669,669,4
670,670,4
671,671,4
672,672,4
673,673,4
674,674,0
675,675,4
676,676,4
677,677,3
678,678,4
679,679,4
680,680,4
681,681,4
682,682,4
683,683,4
684,684,4
685,685,4
686,686,4
687,687,4
688,688,4
689,689,4
690,690,4
691,691,4
692,692,1
693,693,4
694,694,4
695,695,4
696,696,4
697,697,4
698,698,3
699,699,4
700,700,4
701,701,4
702,702,4
703,703,4
704,704,3
705,705,4
706,706,4
707,707,4
708,708,4
709,709,4
710,710,4
711,711,4
712,712,4
713,713,4
714,714,1
715,715,4
716,716,2
717,717,4
718,718,4
719,719,4
720,720,4
721,721,4
722,722,4
723,723,4
724,724,4
725,725,4
726,726,4
727,727,4
728,728,4
729,729,4
730,730,6
731,731,4
732,732,4
733,733,4
734,734,4
735,735,4
736,736,4
737,737,4
738,738,5
739,739,6
740,740,2
741,741,4
742,742,4
743,743,4
744,744,4
745,745,4
746,746,4
747,747,4
748,748,4
749,749,4
750,750,4
751,751,4
752,752,4
753,753,4
754,754,4
755,755,4
756,756,4
757,757,4
758,758,4
759,759,4
760,760,4
761,761,4
762,762,4
763,763,4
764,764,4
765,765,1
766,766,4
767,767,4
768,768,4
769,769,4
770,770,4
771,771,6
772,772,4
773,773,4
774,774,4
775,775,4
776,776,4
777,777,6
778,778,4
779,779,4
780,780,4
781,781,4
782,782,4
783,783,4
784,784,4
785,785,4
786,786,4
787,787,4
788,788,2
789,789,2
790,790,4
791,791,4
792,792,4
793,793,4
794,794,4
795,795,2
796,796,4
797,797,4
798,798,4
799,799,4
800,800,4
801,801,4
802,802,4
803,803,4
804,804,4
805,805,3
806,806,4
807,807,1
808,808,4
809,809,4
810,810,4
811,811,4
812,812,4
813,813,4
814,814,4
815,815,4
816,816,4
817,817,4
818,818,4
819,819,4
820,820,4
821,821,4
822,822,4
823,823,4
824,824,4
825,825,4
826,826,4
827,827,4
828,828,4
829,829,4
830,830,4
831,831,4
832,832,4
833,833,2
834,834,4
835,835,4
836,836,4
837,837,4
838,838,4
839,839,4
840,840,4
841,841,4
842,842,4
843,843,4
844,844,4
845,845,4
846,846,4
847,847,4
848,848,4
849,849,4
850,850,4
851,851,4
852,852,4
853,853,4
854,854,4
855,855,4
856,856,4
857,857,4
858,858,4
859,859,4
860,860,4
861,861,4
862,862,4
863,863,4
864,864,4
865,865,2
866,866,4
867,867,4
868,868,4
869,869,4
870,870,2
871,871,4
872,872,4
873,873,2
874,874,4
875,875,4
876,876,4
877,877,1
878,878,4
879,879,4
880,880,4
881,881,4
882,882,4
883,883,4
884,884,4
885,885,4
886,886,4
887,887,4
888,888,4
889,889,4
890,890,4
891,891,4
892,892,4
893,893,4
894,894,3
895,895,4
896,896,4
897,897,4
898,898,6
899,899,4
900,900,4
901,901,4
902,902,4
903,903,4
904,904,4
905,905,4
906,906,4
907,907,1
908,908,4
909,909,4
910,910,4
911,911,4
912,912,4
913,913,4
914,914,4
915,915,4
916,916,4
917,917,4
918,918,4
919,919,4
920,920,4
921,921,4
922,922,4
923,923,4
924,924,2
925,925,6
926,926,4
927,927,4
928,928,2
929,929,4
930,930,4
931,931,4
932,932,4
933,933,1
934,934,4
935,935,4
936,936,4
937,937,4
938,938,4
939,939,4
940,940,1
941,941,4
942,942,1
943,943,4
944,944,3
945,945,5
946,946,4
947,947,2
948,948,4
949,949,4
950,950,4
951,951,4
952,952,4
953,953,4
954,954,4
955,955,4
956,956,4
957,957,4
958,958,4
959,959,4
960,960,4
961,961,4
962,962,4
963,963,4
964,964,4
965,965,4
966,966,4
967,967,4
968,968,1
969,969,4
970,970,4
971,971,4
972,972,0
973,973,4
974,974,4
975,975,4
976,976,2
977,977,4
978,978,3
979,979,4
980,980,4
981,981,4
982,982,4
983,983,2
984,984,3
985,985,4
986,986,2
987,987,4
988,988,4
989,989,4
990,990,4
991,991,4
992,992,4
993,993,4
994,994,4
995,995,4
996,996,4
997,997,4
998,998,6
999,999,4
1000,1000,4
1001,1001,4
1002,1002,4
1003,1003,2
1004,1004,4
1005,1005,4
1006,1006,6
1007,1007,4
1008,1008,4
1009,1009,4
1010,1010,4
1011,1011,1
1012,1012,4
1013,1013,1
1014,1014,4
1015,1015,4
1016,1016,4
1017,1017,4
1018,1018,4
1019,1019,4
1020,1020,4
1021,1021,6
1022,1022,4
1023,1023,4
1024,1024,4
1025,1025,4
1026,1026,4
1027,1027,4
1028,1028,4
1029,1029,4
1030,1030,4
1031,1031,4
1032,1032,4
1033,1033,4
1034,1034,4
1035,1035,4
1036,1036,4
1037,1037,4
1038,1038,1
1039,1039,1
1040,1040,1
1041,1041,1
1042,1042,1
1043,1043,1
1044,1044,1
1045,1045,1
1046,1046,1
1047,1047,1
1048,1048,1
1049,1049,1
1050,1050,1
1051,1051,1
1052,1052,1
1053,1053,1
1054,1054,1
1055,1055,1
1056,1056,1
1057,1057,1
1058,1058,1
1059,1059,1
1060,1060,1
1061,1061,1
1062,1062,1
1063,1063,1
1064,1064,5
1065,1065,1
1066,1066,1
1067,1067,1
1068,1068,1
1069,1069,5
1070,1070,1
1071,1071,1
1072,1072,1
1073,1073,1
1074,1074,1
1075,1075,1
1076,1076,1
1077,1077,1
1078,1078,1
1079,1079,1
1080,1080,1
1081,1081,1
1082,1082,1
1083,1083,1
1084,1084,1
1085,1085,1
1086,1086,1
1087,1087,1
1088,1088,1
1089,1089,1
1090,1090,1
1091,1091,1
1092,1092,1
1093,1093,1
1094,1094,1
1095,1095,1
1096,1096,1
1097,1097,1
1098,1098,1
1099,1099,1
1100,1100,1
1101,1101,1
1102,1102,1
1103,1103,5
1104,1104,1
1105,1105,1
1106,1106,1
1107,1107,1
1108,1108,5
1109,1109,1
1110,1110,1
1111,1111,1
1112,1112,1
1113,1113,1
1114,1114,1
1115,1115,1
1116,1116,1
1117,1117,1
1118,1118,1
1119,1119,1
1120,1120,1
1121,1121,1
1122,1122,6
1123,1123,1
1124,1124,1
1125,1125,1
1126,1126,1
1127,1127,1
1128,1128,1
1129,1129,1
1130,1130,1
1131,1131,5
1132,1132,1
1133,1133,1
1134,1134,1
1135,1135,1
1136,1136,1
1137,1137,1
1138,1138,1
1139,1139,1
1140,1140,1
1141,1141,1
1142,1142,1
1143,1143,1
1144,1144,1
1145,1145,1
1146,1146,1
1147,1147,0
1148,1148,0
1149,1149,1
1150,1150,1
1151,1151,1
1152,1152,1
1153,1153,6
1154,1154,1
1155,1155,1
1156,1156,1
1157,1157,3
1158,1158,1
1159,1159,1
1160,1160,1
1161,1161,1
1162,1162,1
1163,1163,1
1164,1164,1
1165,1165,1
1166,1166,1
1167,1167,1
1168,1168,1
1169,1169,1
1170,1170,1
1171,1171,1
1172,1172,1
1173,1173,1
1174,1174,1
1175,1175,1
1176,1176,1
1177,1177,1
1178,1178,1
1179,1179,1
1180,1180,1
1181,1181,1
1182,1182,1
1183,1183,1
1184,1184,1
1185,1185,1
1186,1186,1
1187,1187,1
1188,1188,1
1189,1189,1
1190,1190,1
1191,1191,1
1192,1192,1
1193,1193,1
1194,1194,1
1195,1195,1
1196,1196,1
1197,1197,1
1198,1198,5
1199,1199,5
1200,1200,0
1201,1201,5
1202,1202,5
1203,1203,5
1204,1204,5
1205,1205,5
1206,1206,5
1207,1207,5
1208,1208,5
1209,1209,5
1210,1210,5
1211,1211,5
1212,1212,5
1213,1213,5
1214,1214,5
1215,1215,5
1216,1216,5
1217,1217,5
1218,1218,5
1219,1219,5
1220,1220,5
1221,1221,5
1222,1222,5
1223,1223,5
1224,1224,5
1225,1225,5
1226,1226,5
1227,1227,5
1228,1228,5
1229,1229,5
1230,1230,5
1231,1231,5
1232,1232,5
1233,1233,5
1234,1234,5
1235,1235,5
1236,1236,5
1237,1237,5
1238,1238,5
1239,1239,5
1240,1240,5
1241,1241,5
1242,1242,5
1243,1243,5
1244,1244,5
1245,1245,5
1246,1246,5
1247,1247,5
1248,1248,0
1249,1249,0
1250,1250,0
1251,1251,0
1252,1252,0
1253,1253,0
1254,1254,0
1255,1255,0
1256,1256,0
1257,1257,0
1258,1258,0
1259,1259,0
1260,1260,0
1261,1261,0
1262,1262,0
1263,1263,0
1264,1264,0
1265,1265,0
1266,1266,0
1267,1267,0
1268,1268,0
1269,1269,0
1270,1270,0
1271,1271,0
1272,1272,0
1273,1273,0
1274,1274,0
1275,1275,0
1276,1276,0
1277,1277,0
1278,1278,0
1279,1279,0
1280,1280,0
1281,1281,0
1282,1282,0
1283,1283,0
1284,1284,0
1285,1285,0
1286,1286,0
1287,1287,0
1288,1288,0
1289,1289,0
1290,1290,0
1291,1291,0
1292,1292,0
1293,1293,0
1294,1294,0
1295,1295,0
1296,1296,0
1297,1297,0
1298,1298,0
1299,1299,0
1300,1300,0
1301,1301,0
1302,1302,0
1303,1303,0
1304,1304,0
1305,1305,0
1306,1306,0
1307,1307,0
1308,1308,0
1309,1309,0
1310,1310,0
1311,1311,0
1312,1312,0
1313,1313,0
1314,1314,0
1315,1315,0
1316,1316,0
1317,1317,0
1318,1318,0
1319,1319,0
1320,1320,0
1321,1321,0
1322,1322,0
1323,1323,0
1324,1324,0
1325,1325,0
1326,1326,0
1327,1327,0
1328,1328,0
1329,1329,0
1330,1330,0
1331,1331,0
1332,1332,0
1333,1333,0
1334,1334,0
1335,1335,0
1336,1336,0
1337,1337,0
1338,1338,0
1339,1339,0
1340,1340,0
1341,1341,0
1342,1342,0
1343,1343,0
1344,1344,0
1345,1345,0
1346,1346,0
1347,1347,0
1348,1348,0
1349,1349,0
1350,1350,0
1351,1351,0
1352,1352,0
1353,1353,0
1354,1354,0
1355,1355,0
1356,1356,0
1357,1357,0
1358,1358,0
1359,1359,0
1360,1360,0
1361,1361,0
1362,1362,0
1363,1363,0
1364,1364,0
1365,1365,0
1366,1366,0
1367,1367,0
1368,1368,0
1369,1369,0
1370,1370,0
1371,1371,0
1372,1372,0
1373,1373,0
1374,1374,0
1375,1375,0
1376,1376,0
1377,1377,0
1378,1378,0
1379,1379,0
1380,1380,0
1381,1381,0
1382,1382,0
1383,1383,0
1384,1384,0
1385,1385,0
1386,1386,0
1387,1387,0
1388,1388,0
1389,1389,0
1390,1390,0
1391,1391,5
1392,1392,0
1393,1393,0
1394,1394,0
1395,1395,0
1396,1396,0
1397,1397,0
1398,1398,6
1399,1399,0
1400,1400,0
1401,1401,4
1402,1402,0
1403,1403,6
1404,1404,0
1405,1405,0
1406,1406,0
1407,1407,0
1408,1408,6
1409,1409,0
1410,1410,4
1411,1411,4
1412,1412,4
1413,1413,4
1414,1414,2
1415,1415,2
1416,1416,6
1417,1417,1
1418,1418,6
1419,1419,2
1420,1420,2
1421,1421,6
1422,1422,3
1423,1423,2
1424,1424,2
1425,1425,6
1426,1426,6
1427,1427,6
1428,1428,6
1429,1429,0
1430,1430,4
1431,1431,6
1432,1432,6
1433,1433,6
1434,1434,4
1435,1435,2
1436,1436,2
1437,1437,4
1438,1438,2
1439,1439,6
1440,1440,6
1441,1441,6
1442,1442,6
1443,1443,4
1444,1444,1
1445,1445,4
1446,1446,3
1447,1447,4
1448,1448,4
1449,1449,4
1450,1450,1
1451,1451,6
1452,1452,4
1453,1453,4
1454,1454,5
1455,1455,0
1456,1456,3
1457,1457,1
1458,1458,4
1459,1459,5
1460,1460,4
1461,1461,4
1462,1462,4
1463,1463,3
1464,1464,0
1465,1465,5
1466,1466,5
1467,1467,3
1468,1468,1
1469,1469,0
1470,1470,3
1471,1471,0
1472,1472,0
1473,1473,6
1474,1474,0
1475,1475,4
1476,1476,0
1477,1477,0
1478,1478,6
1479,1479,0
1480,1480,0
1481,1481,5
1482,1482,3
1483,1483,6
1484,1484,0
1485,1485,6
1486,1486,0
1487,1487,6
1488,1488,3
1489,1489,2
1490,1490,6
1491,1491,6
1492,1492,2
1493,1493,1
1494,1494,6
1495,1495,2
1496,1496,6
1497,1497,2
1498,1498,3
1499,1499,3
1500,1500,4
1501,1501,3
1502,1502,2
1503,1503,6
1504,1504,6
1505,1505,3
1506,1506,6
1507,1507,6
1508,1508,6
1509,1509,6
1510,1510,2
1511,1511,2
1512,1512,2
1513,1513,6
1514,1514,1
1515,1515,0
1516,1516,4
1517,1517,2
1518,1518,2
1519,1519,0
1520,1520,2
1521,1521,2
1522,1522,3
1523,1523,3
1524,1524,5
1525,1525,5
1526,1526,4
1527,1527,5
1528,1528,5
1529,1529,5
1530,1530,5
1531,1531,5
1532,1532,5
1533,1533,5
1534,1534,5
1535,1535,5
1536,1536,5
1537,1537,5
1538,1538,5
1539,1539,5
1540,1540,5
1541,1541,5
1542,1542,0
1543,1543,5
1544,1544,1
1545,1545,6
1546,1546,6
1547,1547,6
1548,1548,2
1549,1549,2
1550,1550,0
1551,1551,5
1552,1552,2
1553,1553,1
1554,1554,2
1555,1555,4
1556,1556,0
1557,1557,0
1558,1558,1
1559,1559,1
1560,1560,4
1561,1561,4
1562,1562,6
1563,1563,6
1564,1564,6
1565,1565,4
1566,1566,4
1567,1567,4
1568,1568,4
1569,1569,1
1570,1570,4
1571,1571,2
1572,1572,3
1573,1573,4
1574,1574,4
1575,1575,1
1576,1576,3
1577,1577,4
1578,1578,1
1579,1579,0
1580,1580,0
1581,1581,0
1582,1582,0
1583,1583,0
1584,1584,0
1585,1585,4
1586,1586,4
1587,1587,4
1588,1588,4
1589,1589,4
1590,1590,0
1591,1591,4
1592,1592,4
1593,1593,4
1594,1594,4
1595,1595,4
1596,1596,4
1597,1597,6
1598,1598,4
1599,1599,4
1600,1600,4
1601,1601,2
1602,1602,6
1603,1603,4
1604,1604,1
1605,1605,0
1606,1606,1
1607,1607,4
1608,1608,4
1609,1609,0
1610,1610,4
1611,1611,4
1612,1612,0
1613,1613,4
1614,1614,5
1615,1615,4
1616,1616,4
1617,1617,4
1618,1618,4
1619,1619,4
1620,1620,4
1621,1621,4
1622,1622,4
1623,1623,2
1624,1624,4
1625,1625,4
1626,1626,2
1627,1627,2
1628,1628,4
1629,1629,4
1630,1630,4
1631,1631,4
1632,1632,4
1633,1633,4
1634,1634,4
1635,1635,4
1636,1636,1
1637,1637,1
1638,1638,4
1639,1639,1
1640,1640,1
1641,1641,4
1642,1642,4
1643,1643,4
1644,1644,4
1645,1645,4
1646,1646,0
1647,1647,4
1648,1648,3
1649,1649,2
1650,1650,2
1651,1651,1
1652,1652,1
1653,1653,5
1654,1654,5
1655,1655,5
1656,1656,0
1657,1657,0
1658,1658,4
1659,1659,1
1660,1660,5
1661,1661,5
1662,1662,2
1663,1663,5
1664,1664,2
1665,1665,0
1666,1666,0
1667,1667,0
1668,1668,0
1669,1669,0
1670,1670,0
1671,1671,0
1672,1672,0
1673,1673,0
1674,1674,0
1675,1675,0
1676,1676,0
1677,1677,0
1678,1678,6
1679,1679,4
1680,1680,1
1681,1681,1
1682,1682,4
1683,1683,4
1684,1684,4
1685,1685,4
1686,1686,3
1687,1687,3
1688,1688,4
1689,1689,4
1690,1690,4
1691,1691,4
1692,1692,4
1693,1693,4
1694,1694,4
1695,1695,4
1696,1696,4
1697,1697,4
1698,1698,4
1699,1699,5
1700,1700,2
1701,1701,2
1702,1702,2
1703,1703,2
1704,1704,2
1705,1705,2
1706,1706,1
1707,1707,1
1708,1708,1
1709,1709,0
1710,1710,1
1711,1711,0
1712,1712,0
1713,1713,4
1714,1714,1
1715,1715,4
1716,1716,5
1717,1717,6
1718,1718,6
1719,1719,6
1720,1720,6
1721,1721,6
1722,1722,4
1723,1723,4
1724,1724,4
1725,1725,4
1726,1726,1
1727,1727,4
1728,1728,3
1729,1729,3
1730,1730,3
1731,1731,4
1732,1732,1
1733,1733,4
1734,1734,1
1735,1735,1
1736,1736,4
1737,1737,1
1738,1738,1
1739,1739,4
1740,1740,4
1741,1741,1
1742,1742,4
1743,1743,1
1744,1744,1
1745,1745,0
1746,1746,0
1747,1747,0
1748,1748,0
1749,1749,1
1750,1750,3
1751,1751,3
1752,1752,3
1753,1753,4
1754,1754,4
1755,1755,4
1756,1756,4
1757,1757,3
1758,1758,4
1759,1759,6
1760,1760,1
1761,1761,1
1762,1762,3
1763,1763,3
1764,1764,3
1765,1765,3
1766,1766,3
1767,1767,3
1768,1768,3
1769,1769,3
1770,1770,3
1771,1771,3
1772,1772,3
1773,1773,3
1774,1774,3
1775,1775,3
1776,1776,3
1777,1777,3
1778,1778,3
1779,1779,3
1780,1780,3
1781,1781,3
1782,1782,3
1783,1783,3
1784,1784,3
1785,1785,4
1786,1786,6
1787,1787,6
1788,1788,4
1789,1789,4
1790,1790,3
1791,1791,4
1792,1792,4
1793,1793,1
1794,1794,1
1795,1795,0
1796,1796,1
1797,1797,4
1798,1798,4
1799,1799,0
1800,1800,0
1801,1801,0
1802,1802,5
1803,1803,1
1804,1804,5
1805,1805,3
1806,1806,2
1807,1807,3
1808,1808,3
1809,1809,3
1810,1810,3
1811,1811,3
1812,1812,3
1813,1813,4
1814,1814,3
1815,1815,3
1816,1816,1
1817,1817,1
1818,1818,4
1819,1819,4
1820,1820,4
1821,1821,4
1822,1822,4
1823,1823,4
1824,1824,2
1825,1825,4
1826,1826,4
1827,1827,4
1828,1828,4
1829,1829,4
1830,1830,4
1831,1831,4
1832,1832,4
1833,1833,5
1834,1834,0
1835,1835,0
1836,1836,1
1837,1837,4
1838,1838,1
1839,1839,4
1840,1840,4
1841,1841,4
1842,1842,3
1843,1843,3
1844,1844,3
1845,1845,3
1846,1846,3
1847,1847,3
1848,1848,3
1849,1849,3
1850,1850,3
1851,1851,2
1852,1852,0
1853,1853,0
1854,1854,0
1855,1855,4
1856,1856,5
1857,1857,5
1858,1858,5
1859,1859,3
1860,1860,1
1861,1861,4
1862,1862,4
1863,1863,4
1864,1864,1
1865,1865,4
1866,1866,4
1867,1867,4
1868,1868,4
1869,1869,4
1870,1870,1
1871,1871,2
1872,1872,2
1873,1873,4
1874,1874,4
1875,1875,2
1876,1876,4
1877,1877,3
1878,1878,4
1879,1879,4
1880,1880,4
1881,1881,4
1882,1882,6
1883,1883,4
1884,1884,4
1885,1885,4
1886,1886,6
1887,1887,4
1888,1888,4
1889,1889,4
1890,1890,6
1891,1891,6
1892,1892,6
1893,1893,3
1894,1894,3
1895,1895,3
1896,1896,3
1897,1897,3
1898,1898,3
1899,1899,4
1900,1900,4
1901,1901,2
1902,1902,2
1903,1903,3
1904,1904,4
1905,1905,4
1906,1906,3
1907,1907,1
1908,1908,1
1909,1909,3
1910,1910,3
1911,1911,4
1912,1912,3
1913,1913,3
1914,1914,3
1915,1915,3
1916,1916,3
1917,1917,3
1918,1918,4
1919,1919,3
1920,1920,3
1921,1921,3
1922,1922,4
1923,1923,3
1924,1924,3
1925,1925,3
1926,1926,4
1927,1927,4
1928,1928,4
1929,1929,4
1930,1930,4
1931,1931,1
1932,1932,3
1933,1933,2
1934,1934,2
1935,1935,4
1936,1936,4
1937,1937,4
1938,1938,4
1939,1939,0
1940,1940,4
1941,1941,5
1942,1942,2
1943,1943,0
1944,1944,4
1945,1945,4
1946,1946,3
1947,1947,3
1948,1948,3
1949,1949,3
1950,1950,3
1951,1951,3
1952,1952,3
1953,1953,3
1954,1954,5
1955,1955,3
1956,1956,3
1957,1957,3
1958,1958,3
1959,1959,3
1960,1960,3
1961,1961,3
1962,1962,3
1963,1963,3
1964,1964,3
1965,1965,3
1966,1966,3
1967,1967,3
1968,1968,6
1969,1969,3
1970,1970,3
1971,1971,3
1972,1972,3
1973,1973,3
1974,1974,3
1975,1975,3
1976,1976,3
1977,1977,3
1978,1978,4
1979,1979,4
1980,1980,4
1981,1981,4
1982,1982,3
1983,1983,3
1984,1984,4
1985,1985,1
1986,1986,4
1987,1987,4
1988,1988,4
1989,1989,4
1990,1990,4
1991,1991,4
1992,1992,1
1993,1993,1
1994,1994,0
1995,1995,4
1996,1996,1
1997,1997,1
1998,1998,3
1999,1999,3
2000,2000,4
2001,2001,3
2002,2002,3
2003,2003,1
2004,2004,4
2005,2005,3
2006,2006,3
2007,2007,3
2008,2008,4
2009,2009,3
2010,2010,4
2011,2011,4
2012,2012,4
2013,2013,4
2014,2014,4
2015,2015,1
2016,2016,4
2017,2017,0
2018,2018,4
2019,2019,2
2020,2020,0
2021,2021,2
2022,2022,2
2023,2023,1
2024,2024,1
2025,2025,3
2026,2026,3
2027,2027,3
2028,2028,1
2029,2029,3
2030,2030,1
2031,2031,1
2032,2032,0
2033,2033,5
2034,2034,5
2035,2035,5
2036,2036,5
2037,2037,5
2038,2038,5
2039,2039,5
2040,2040,5
2041,2041,5
2042,2042,1
2043,2043,3
2044,2044,2
2045,2045,4
2046,2046,1
2047,2047,6
2048,2048,1
2049,2049,0
2050,2050,1
2051,2051,4
2052,2052,0
2053,2053,4
2054,2054,2
2055,2055,4
2056,2056,0
2057,2057,1
2058,2058,1
2059,2059,4
2060,2060,1
2061,2061,6
2062,2062,2
2063,2063,2
2064,2064,3
2065,2065,3
2066,2066,1
2067,2067,4
2068,2068,4
2069,2069,1
2070,2070,1
2071,2071,3
2072,2072,5
2073,2073,1
2074,2074,1
2075,2075,5
2076,2076,0
2077,2077,1
2078,2078,6
2079,2079,3
2080,2080,6
2081,2081,6
2082,2082,2
2083,2083,2
2084,2084,4
2085,2085,0
2086,2086,0
2087,2087,1
2088,2088,0
2089,2089,0
2090,2090,4
2091,2091,3
2092,2092,4
2093,2093,0
2094,2094,0
2095,2095,0
2096,2096,0
2097,2097,4
2098,2098,3
2099,2099,4
2100,2100,1
2101,2101,4
2102,2102,4
2103,2103,5
2104,2104,3
2105,2105,3
2106,2106,2
2107,2107,1
2108,2108,1
2109,2109,1
2110,2110,0
2111,2111,1
2112,2112,1
2113,2113,3
2114,2114,3
2115,2115,1
2116,2116,1
2117,2117,3
2118,2118,1
2119,2119,1
2120,2120,1
2121,2121,3
2122,2122,1
2123,2123,4
2124,2124,1
2125,2125,1
2126,2126,3
2127,2127,3
2128,2128,3
2129,2129,1
2130,2130,4
2131,2131,0
2132,2132,1
2133,2133,4
2134,2134,6
2135,2135,1
2136,2136,1
2137,2137,1
2138,2138,3
2139,2139,4
2140,2140,3
2141,2141,4
2142,2142,3
2143,2143,3
2144,2144,2
2145,2145,3
2146,2146,1
2147,2147,5
2148,2148,5
2149,2149,2
2150,2150,6
2151,2151,1
2152,2152,1
2153,2153,2
2154,2154,2
2155,2155,1
2156,2156,4
2157,2157,2
2158,2158,4
2159,2159,4
2160,2160,2
2161,2161,1
2162,2162,0
2163,2163,0
2164,2164,0
2165,2165,3
2166,2166,4
2167,2167,0
2168,2168,0
2169,2169,4
2170,2170,1
2171,2171,1
2172,2172,3
2173,2173,3
2174,2174,2
2175,2175,4
2176,2176,1
2177,2177,4
2178,2178,4
2179,2179,4
2180,2180,2
2181,2181,4
2182,2182,2
2183,2183,2
2184,2184,2
2185,2185,4
2186,2186,4
2187,2187,4
2188,2188,1
2189,2189,4
2190,2190,4
2191,2191,4
2192,2192,4
2193,2193,4
2194,2194,4
2195,2195,6
2196,2196,3
2197,2197,4
2198,2198,3
2199,2199,1
2200,2200,0
2201,2201,1
2202,2202,0
2203,2203,0
2204,2204,5
2205,2205,5
2206,2206,1
2207,2207,5
2208,2208,0
2209,2209,2
2210,2210,1
2211,2211,5
2212,2212,0
2213,2213,4
2214,2214,0
2215,2215,0
2216,2216,0
2217,2217,0
2218,2218,6
2219,2219,0
2220,2220,1
2221,2221,2
2222,2222,2
2223,2223,2
2224,2224,1
2225,2225,0
2226,2226,0
2227,2227,5
2228,2228,1
2229,2229,4
2230,2230,1
2231,2231,4
2232,2232,4
2233,2233,2
2234,2234,2
2235,2235,2
2236,2236,3
2237,2237,4
2238,2238,4
2239,2239,4
2240,2240,4
2241,2241,0
2242,2242,0
2243,2243,0
2244,2244,0
2245,2245,0
2246,2246,0
2247,2247,0
2248,2248,3
2249,2249,3
2250,2250,3
2251,2251,3
2252,2252,3
2253,2253,3
2254,2254,4
2255,2255,3
2256,2256,4
2257,2257,4
2258,2258,4
2259,2259,2
2260,2260,4
2261,2261,0
2262,2262,4
2263,2263,4
2264,2264,4
2265,2265,4
2266,2266,1
2267,2267,1
2268,2268,4
2269,2269,6
2270,2270,1
2271,2271,5
2272,2272,1
2273,2273,3
2274,2274,1
2275,2275,1
2276,2276,1
2277,2277,1
2278,2278,1
2279,2279,1
2280,2280,1
2281,2281,4
2282,2282,4
2283,2283,4
2284,2284,4
2285,2285,1
2286,2286,1
2287,2287,6
2288,2288,1
2289,2289,1
2290,2290,2
2291,2291,4
2292,2292,4
2293,2293,4
2294,2294,1
2295,2295,2
2296,2296,2
2297,2297,2
2298,2298,3
2299,2299,3
2300,2300,4
2301,2301,3
2302,2302,1
2303,2303,4
2304,2304,3
2305,2305,3
2306,2306,3
2307,2307,3
2308,2308,3
2309,2309,3
2310,2310,6
2311,2311,3
2312,2312,1
2313,2313,3
2314,2314,2
2315,2315,2
2316,2316,2
2317,2317,2
2318,2318,4
2319,2319,4
2320,2320,2
2321,2321,0
2322,2322,6
2323,2323,4
2324,2324,6
2325,2325,6
2326,2326,3
2327,2327,6
2328,2328,6
2329,2329,1
2330,2330,1
2331,2331,1
2332,2332,5
2333,2333,4
2334,2334,3
2335,2335,5
2336,2336,5
2337,2337,1
2338,2338,1
2339,2339,1
2340,2340,2
2341,2341,1
2342,2342,4
2343,2343,6
2344,2344,6
2345,2345,4
2346,2346,6
2347,2347,6
2348,2348,1
2349,2349,1
2350,2350,2
2351,2351,4
2352,2352,3
2353,2353,0
2354,2354,6
2355,2355,6
2356,2356,1
2357,2357,6
2358,2358,0
2359,2359,6
2360,2360,6
2361,2361,6
2362,2362,4
2363,2363,6
2364,2364,4
2365,2365,1
2366,2366,4
2367,2367,4
2368,2368,4
2369,2369,6
2370,2370,4
2371,2371,3
2372,2372,4
2373,2373,1
2374,2374,0
2375,2375,3
2376,2376,3
2377,2377,6
2378,2378,6
2379,2379,0
2380,2380,2
2381,2381,2
2382,2382,2
2383,2383,2
2384,2384,3
2385,2385,1
2386,2386,3
2387,2387,3
2388,2388,3
2389,2389,3
2390,2390,1
2391,2391,4
2392,2392,4
2393,2393,4
2394,2394,4
2395,2395,4
2396,2396,0
2397,2397,0
2398,2398,0
2399,2399,0
2400,2400,1
2401,2401,1
2402,2402,4
2403,2403,4
2404,2404,4
2405,2405,1
2406,2406,4
2407,2407,4
2408,2408,4
2409,2409,2
2410,2410,2
2411,2411,2
2412,2412,2
2413,2413,5
2414,2414,5
2415,2415,5
2416,2416,5
2417,2417,1
2418,2418,1
2419,2419,1
2420,2420,1
2421,2421,3
2422,2422,3
2423,2423,1
2424,2424,3
2425,2425,3
2426,2426,1
2427,2427,4
2428,2428,4
2429,2429,5
2430,2430,1
2431,2431,1
2432,2432,6
2433,2433,1
2434,2434,4
2435,2435,2
2436,2436,2
2437,2437,2
2438,2438,2
2439,2439,4
2440,2440,2
2441,2441,2
2442,2442,0
2443,2443,0
2444,2444,4
2445,2445,1
2446,2446,6
2447,2447,6
2448,2448,0
2449,2449,3
2450,2450,3
2451,2451,3
2452,2452,4
2453,2453,1
2454,2454,1
2455,2455,1
2456,2456,4
2457,2457,0
2458,2458,2
2459,2459,2
2460,2460,1
2461,2461,3
2462,2462,3
2463,2463,3
2464,2464,0
2465,2465,0
2466,2466,2
2467,2467,2
2468,2468,3
2469,2469,3
2470,2470,2
2471,2471,5
2472,2472,4
2473,2473,4
2474,2474,4
2475,2475,4
2476,2476,1
2477,2477,4
2478,2478,0
2479,2479,0
2480,2480,5
2481,2481,5
2482,2482,5
2483,2483,6
2484,2484,4
2485,2485,4
2486,2486,0
2487,2487,1
2488,2488,3
2489,2489,1
2490,2490,4
2491,2491,4
2492,2492,4
2493,2493,2
2494,2494,2
2495,2495,4
2496,2496,4
2497,2497,4
2498,2498,1
2499,2499,1
2500,2500,1
2501,2501,1
2502,2502,1
2503,2503,4
2504,2504,4
2505,2505,4
2506,2506,4
2507,2507,4
2508,2508,4
2509,2509,4
2510,2510,4
2511,2511,1
2512,2512,0
2513,2513,1
2514,2514,0
2515,2515,4
2516,2516,2
2517,2517,4
2518,2518,5
2519,2519,4
2520,2520,4
2521,2521,1
2522,2522,4
2523,2523,6
2524,2524,4
2525,2525,2
2526,2526,2
2527,2527,5
2528,2528,5
2529,2529,5
2530,2530,5
2531,2531,4
2532,2532,4
2533,2533,4
2534,2534,1
2535,2535,1
2536,2536,1
2537,2537,2
2538,2538,6
2539,2539,0
2540,2540,0
2541,2541,4
2542,2542,3
2543,2543,0
2544,2544,0
2545,2545,1
2546,2546,0
2547,2547,0
2548,2548,1
2549,2549,1
2550,2550,1
2551,2551,0
2552,2552,0
2553,2553,1
2554,2554,4
2555,2555,4
2556,2556,4
2557,2557,4
2558,2558,1
2559,2559,1
2560,2560,0
2561,2561,1
2562,2562,0
2563,2563,0
2564,2564,1
2565,2565,0
2566,2566,0
2567,2567,5
2568,2568,5
2569,2569,5
2570,2570,3
2571,2571,0
2572,2572,5
2573,2573,1
2574,2574,5
2575,2575,1
2576,2576,0
2577,2577,1
2578,2578,0
2579,2579,4
2580,2580,4
2581,2581,4
2582,2582,4
2583,2583,4
2584,2584,4
2585,2585,3
2586,2586,0
2587,2587,1
2588,2588,0
2589,2589,0
2590,2590,0
2591,2591,4
2592,2592,4
2593,2593,4
2594,2594,4
2595,2595,4
2596,2596,4
2597,2597,4
2598,2598,4
2599,2599,4
2600,2600,4
2601,2601,4
2602,2602,4
2603,2603,4
2604,2604,1
2605,2605,1
2606,2606,1
2607,2607,1
2608,2608,1
2609,2609,1
2610,2610,0
2611,2611,0
2612,2612,0
2613,2613,3
2614,2614,0
2615,2615,0
2616,2616,1
2617,2617,0
2618,2618,1
2619,2619,0
2620,2620,0
2621,2621,6
2622,2622,1
2623,2623,1
2624,2624,0
2625,2625,0
2626,2626,3
2627,2627,3
2628,2628,4
2629,2629,3
2630,2630,3
2631,2631,3
2632,2632,3
2633,2633,1
2634,2634,4
2635,2635,4
2636,2636,0
2637,2637,3
2638,2638,4
2639,2639,4
2640,2640,4
2641,2641,4
2642,2642,4
2643,2643,4
2644,2644,4
2645,2645,4
2646,2646,4
2647,2647,4
2648,2648,4
2649,2649,4
2650,2650,4
2651,2651,4
2652,2652,4
2653,2653,4
2654,2654,4
2655,2655,4
2656,2656,4
2657,2657,4
2658,2658,4
2659,2659,4
2660,2660,4
2661,2661,4
2662,2662,4
2663,2663,4
2664,2664,1
2665,2665,1
2666,2666,1
2667,2667,3
2668,2668,4
2669,2669,3
2670,2670,3
2671,2671,3
2672,2672,3
2673,2673,2
2674,2674,4
2675,2675,0
2676,2676,5
2677,2677,0
2678,2678,5
2679,2679,5
2680,2680,1
2681,2681,1
2682,2682,5
2683,2683,5
2684,2684,0
2685,2685,5
2686,2686,5
2687,2687,0
2688,2688,0
2689,2689,4
2690,2690,6
2691,2691,2
2692,2692,2
2693,2693,3
2694,2694,3
2695,2695,4
2696,2696,0
2697,2697,0
2698,2698,0
2699,2699,0
2700,2700,1
2701,2701,1
2702,2702,3
2703,2703,1
2704,2704,1
2705,2705,1
2706,2706,1
2707,2707,1
2708,2708,0
2709,2709,1
2710,2710,4
2711,2711,1
2712,2712,1
2713,2713,4
2714,2714,6
2715,2715,4
2716,2716,4
2717,2717,2
2718,2718,2
2719,2719,2
2720,2720,1
2721,2721,4
2722,2722,1
2723,2723,3
2724,2724,3
2725,2725,3
2726,2726,3
2727,2727,3
2728,2728,3
2729,2729,3
2730,2730,3
2731,2731,3
2732,2732,3
2733,2733,3
2734,2734,3
2735,2735,3
2736,2736,3
2737,2737,3
2738,2738,3
2739,2739,3
2740,2740,3
2741,2741,3
2742,2742,3
2743,2743,3
2744,2744,4
2745,2745,3
2746,2746,3
2747,2747,3
2748,2748,3
2749,2749,3
2750,2750,3
2751,2751,3
2752,2752,3
2753,2753,3
2754,2754,3
2755,2755,3
2756,2756,3
2757,2757,3
2758,2758,3
2759,2759,3
2760,2760,3
2761,2761,3
2762,2762,3
2763,2763,3
2764,2764,3
2765,2765,4
2766,2766,4
2767,2767,4
2768,2768,4
2769,2769,4
2770,2770,4
2771,2771,4
2772,2772,4
2773,2773,4
2774,2774,4
2775,2775,4
2776,2776,4
2777,2777,4
2778,2778,4
2779,2779,4
2780,2780,4
2781,2781,4
2782,2782,4
2783,2783,0
2784,2784,0
2785,2785,0
2786,2786,0
2787,2787,0
2788,2788,3
2789,2789,3
2790,2790,3
2791,2791,3
2792,2792,4
2793,2793,2
2794,2794,4
2795,2795,2
2796,2796,2
2797,2797,2
2798,2798,2
2799,2799,2
2800,2800,2
2801,2801,2
2802,2802,4
2803,2803,3
2804,2804,3
2805,2805,4
2806,2806,4
2807,2807,4
2808,2808,6
2809,2809,3
